{
    "room_config": {
        "room_000": {
            "north": "wall",
            "east": "room_001",
            "south": "wall",
            "west": "wall"
        },
        "room_001": {
            "north": "wall",
            "east": "wall",
            "south": "wall",
            "west": "room_000"
        }
    },
    "object_transition_config": {
        "static": {
            "sta_000": null,
            "sta_001": null,
            "sta_002": null,
            "sta_003": null
        },
        "independent": {
            "ind_000": {
                "room_000": {
                    "north": 0.0,
                    "east": 0.6076428795331483,
                    "south": 0.0,
                    "west": 0.0,
                    "stay": 0.3923571204668518
                },
                "room_001": {
                    "north": 0.0,
                    "east": 0.0,
                    "south": 0.0,
                    "west": 0.9324200180627444,
                    "stay": 0.06757998193725553
                }
            },
            "ind_001": {
                "room_000": {
                    "north": 0.0,
                    "east": 0.30281108576114846,
                    "south": 0.0,
                    "west": 0.0,
                    "stay": 0.6971889142388515
                },
                "room_001": {
                    "north": 0.0,
                    "east": 0.0,
                    "south": 0.0,
                    "west": 0.6284938962145786,
                    "stay": 0.37150610378542137
                }
            },
            "ind_002": {
                "room_000": {
                    "north": 0.0,
                    "east": 0.5184228982821143,
                    "south": 0.0,
                    "west": 0.0,
                    "stay": 0.4815771017178857
                },
                "room_001": {
                    "north": 0.0,
                    "east": 0.0,
                    "south": 0.0,
                    "west": 0.6534342636484519,
                    "stay": 0.3465657363515481
                }
            },
            "ind_003": {
                "room_000": {
                    "north": 0.0,
                    "east": 0.4927605144633947,
                    "south": 0.0,
                    "west": 0.0,
                    "stay": 0.5072394855366054
                },
                "room_001": {
                    "north": 0.0,
                    "east": 0.0,
                    "south": 0.0,
                    "west": 0.9403328312643138,
                    "stay": 0.05966716873568626
                }
            }
        },
        "dependent": {
            "dep_000": {
                "ind_000": 0.09064689039119589,
                "ind_001": 0.7941451579713075,
                "ind_002": 0.5179983582932232,
                "ind_003": 0.6001422851572377
            },
            "dep_001": {
                "ind_000": 0.07635810782734587,
                "ind_001": 0.42636667866841493,
                "ind_002": 0.7546182662703457,
                "ind_003": 0.2896641383723638
            },
            "dep_002": {
                "ind_000": 0.9011387199060191,
                "ind_001": 0.4178406508691356,
                "ind_002": 0.9725485107467589,
                "ind_003": 0.8454919814395919
            },
            "dep_003": {
                "ind_000": 0.9722338049752182,
                "ind_001": 0.6074299110948179,
                "ind_002": 0.23357109614697547,
                "ind_003": 0.8647767439340015
            }
        },
        "agent": {
            "agent": null
        }
    },
    "object_init_config": {
        "static": {
            "sta_000": {
                "room_000": 1,
                "room_001": 0
            },
            "sta_001": {
                "room_000": 0,
                "room_001": 1
            },
            "sta_002": {
                "room_000": 1,
                "room_001": 0
            },
            "sta_003": {
                "room_000": 0,
                "room_001": 1
            }
        },
        "independent": {
            "ind_000": {
                "room_000": 0.6111644674406169,
                "room_001": 0.3888355325593831
            },
            "ind_001": {
                "room_000": 0.6170680917695791,
                "room_001": 0.38293190823042084
            },
            "ind_002": {
                "room_000": 0.9896870636123475,
                "room_001": 0.010312936387652547
            },
            "ind_003": {
                "room_000": 0.4857344692904053,
                "room_001": 0.5142655307095948
            }
        },
        "dependent": {
            "dep_000": {
                "room_000": 0.49721486136944865,
                "room_001": 0.5027851386305514
            },
            "dep_001": {
                "room_000": 0.37518640681095283,
                "room_001": 0.6248135931890473
            },
            "dep_002": {
                "room_000": 0.7944535362101118,
                "room_001": 0.2055464637898882
            },
            "dep_003": {
                "room_000": 0.5628336342147561,
                "room_001": 0.4371663657852439
            }
        },
        "agent": {
            "agent": {
                "room_000": 0.6002468158739517,
                "room_001": 0.3997531841260483
            }
        }
    },
    "grid": [
        [
            1,
            1
        ],
        [
            0,
            0
        ]
    ],
    "room_indexes": [
        [
            0,
            0
        ],
        [
            0,
            1
        ]
    ],
    "names": {
        "room": [
            "room_000",
            "room_001"
        ],
        "static_objects": [
            "sta_000",
            "sta_001",
            "sta_002",
            "sta_003"
        ],
        "independent_objects": [
            "ind_000",
            "ind_001",
            "ind_002",
            "ind_003"
        ],
        "dependent_objects": [
            "dep_000",
            "dep_001",
            "dep_002",
            "dep_003"
        ]
    }
}