{
    "room_config": {
        "room_000": {
            "north": "wall",
            "east": "wall",
            "south": "wall",
            "west": "wall"
        }
    },
    "object_init_config": {
        "static": {
            "sta_000": {
                "room_000": 1
            },
            "sta_001": {
                "room_000": 1
            }
        },
        "independent": {
            "ind_000": {
                "room_000": 1
            },
            "ind_001": {
                "room_000": 1
            }
        },
        "dependent": {
            "dep_000": {
                "room_000": 1
            },
            "dep_001": {
                "room_000": 1
            }
        },
        "agent": {
            "agent": {
                "room_000": 1
            }
        }
    },
    "object_transition_config": {
        "static": {
            "sta_000": null,
            "sta_001": null
        },
        "independent": {
            "ind_000": {
                "room_000": {
                    "north": 0,
                    "east": 0,
                    "south": 0,
                    "west": 0,
                    "stay": 1
                }
            },
            "ind_001": {
                "room_000": {
                    "north": 0,
                    "east": 0,
                    "south": 0,
                    "west": 0,
                    "stay": 1
                }
            }
        },
        "dependent": {
            "dep_000": {
                "ind_000": 0.37061547061658573,
                "ind_001": 0.5503058575303685
            },
            "dep_001": {
                "ind_000": 0.30081220227043654,
                "ind_001": 0.1940554216982006
            }
        },
        "agent": {
            "agent": null
        }
    },
    "object_question_probs": {
        "static": {
            "sta_000": 0.4918176900471745,
            "sta_001": 0.2840161337114723
        },
        "independent": {
            "ind_000": 0.0004191747291596715,
            "ind_001": 0.18424006009445545
        },
        "dependent": {
            "dep_000": 0.023495895442918215,
            "dep_001": 0.016011045974819914
        },
        "agent": {
            "agent": 0.0
        }
    },
    "grid": [
        [
            1
        ]
    ],
    "room_indexes": [
        [
            0,
            0
        ]
    ],
    "names": {
        "room": [
            "room_000"
        ],
        "static_objects": [
            "sta_000",
            "sta_001"
        ],
        "independent_objects": [
            "ind_000",
            "ind_001"
        ],
        "dependent_objects": [
            "dep_000",
            "dep_001"
        ]
    }
}