{
    "room_config": {
        "enchanted_engine_room": {
            "north": "wall",
            "east": "wall",
            "south": "arctic_aurora_abode",
            "west": "wall"
        },
        "arctic_aurora_abode": {
            "north": "enchanted_engine_room",
            "east": "oceanic_dream_den",
            "south": "wall",
            "west": "wall"
        },
        "oceanic_dream_den": {
            "north": "wall",
            "east": "wall",
            "south": "wall",
            "west": "arctic_aurora_abode"
        }
    },
    "object_transition_config": {
        "static": {
            "bookshelf": null,
            "jewelry_box": null
        },
        "independent": {
            "rita": {
                "enchanted_engine_room": {
                    "north": 0.0,
                    "east": 0.0,
                    "south": 0.26096715457846725,
                    "west": 0.0,
                    "stay": 0.7390328454215328
                },
                "arctic_aurora_abode": {
                    "north": 0.1642885994279585,
                    "east": 0.8009988950723448,
                    "south": 0.0,
                    "west": 0.0,
                    "stay": 0.03471250549969676
                },
                "oceanic_dream_den": {
                    "north": 0.0,
                    "east": 0.0,
                    "south": 0.0,
                    "west": 0.4111177217446417,
                    "stay": 0.5888822782553583
                }
            },
            "carol": {
                "enchanted_engine_room": {
                    "north": 0.0,
                    "east": 0.0,
                    "south": 0.04045977127314057,
                    "west": 0.0,
                    "stay": 0.9595402287268594
                },
                "arctic_aurora_abode": {
                    "north": 0.2095154240852622,
                    "east": 0.7128468005232856,
                    "south": 0.0,
                    "west": 0.0,
                    "stay": 0.07763777539145217
                },
                "oceanic_dream_den": {
                    "north": 0.0,
                    "east": 0.0,
                    "south": 0.0,
                    "west": 0.6417177907886441,
                    "stay": 0.35828220921135584
                }
            }
        },
        "dependent": {
            "kettle": {
                "rita": 0.32684580488130854,
                "carol": 0.7612297078940271
            },
            "bottle_stopper": {
                "rita": 0.3791262155641363,
                "carol": 0.7520098235547849
            }
        },
        "agent": {
            "agent": null
        }
    },
    "object_init_config": {
        "static": {
            "bookshelf": {
                "enchanted_engine_room": 0.273402612053742,
                "arctic_aurora_abode": 0.32556840153499184,
                "oceanic_dream_den": 0.4010289864112661
            },
            "jewelry_box": {
                "enchanted_engine_room": 0.6646526550442383,
                "arctic_aurora_abode": 0.33022864671689217,
                "oceanic_dream_den": 0.005118698238869683
            }
        },
        "independent": {
            "rita": {
                "enchanted_engine_room": 0.17958955283594613,
                "arctic_aurora_abode": 0.3846847889935188,
                "oceanic_dream_den": 0.435725658170535
            },
            "carol": {
                "enchanted_engine_room": 0.4497382308361164,
                "arctic_aurora_abode": 0.19765459806429794,
                "oceanic_dream_den": 0.3526071710995856
            }
        },
        "dependent": {
            "kettle": {
                "enchanted_engine_room": 0.39865895625485287,
                "arctic_aurora_abode": 0.4403549161604417,
                "oceanic_dream_den": 0.16098612758470543
            },
            "bottle_stopper": {
                "enchanted_engine_room": 0.32065945990210293,
                "arctic_aurora_abode": 0.6369241069876123,
                "oceanic_dream_den": 0.04241643311028478
            }
        },
        "agent": {
            "agent": {
                "enchanted_engine_room": 0.2367796293897197,
                "arctic_aurora_abode": 0.4784077057634197,
                "oceanic_dream_den": 0.28481266484686074
            }
        }
    },
    "grid": [
        [
            0,
            0,
            0
        ],
        [
            1,
            0,
            0
        ],
        [
            1,
            1,
            0
        ]
    ],
    "room_indexes": [
        [
            1,
            0
        ],
        [
            2,
            0
        ],
        [
            2,
            1
        ]
    ],
    "names": {
        "room": [
            "enchanted_engine_room",
            "arctic_aurora_abode",
            "oceanic_dream_den"
        ],
        "static_objects": [
            "bookshelf",
            "jewelry_box"
        ],
        "independent_objects": [
            "rita",
            "carol"
        ],
        "dependent_objects": [
            "kettle",
            "bottle_stopper"
        ]
    }
}