{
    "room_config": {
        "room_000": {
            "north": "wall",
            "east": "room_001",
            "south": "wall",
            "west": "wall"
        },
        "room_001": {
            "north": "wall",
            "east": "wall",
            "south": "wall",
            "west": "room_000"
        }
    },
    "object_transition_config": {
        "static": {
            "sta_000": null,
            "sta_001": null
        },
        "independent": {
            "ind_000": {
                "room_000": {
                    "north": 0.0,
                    "east": 0.13701631296157288,
                    "south": 0.0,
                    "west": 0.0,
                    "stay": 0.8629836870384271
                },
                "room_001": {
                    "north": 0.0,
                    "east": 0.0,
                    "south": 0.0,
                    "west": 0.39047327934911424,
                    "stay": 0.6095267206508858
                }
            },
            "ind_001": {
                "room_000": {
                    "north": 0.0,
                    "east": 0.6821748099203514,
                    "south": 0.0,
                    "west": 0.0,
                    "stay": 0.31782519007964866
                },
                "room_001": {
                    "north": 0.0,
                    "east": 0.0,
                    "south": 0.0,
                    "west": 0.43006663370429665,
                    "stay": 0.5699333662957032
                }
            }
        },
        "dependent": {
            "dep_000": {
                "ind_000": 0.483508736554668,
                "ind_001": 0.3440802007957944
            },
            "dep_001": {
                "ind_000": 0.06661201574252407,
                "ind_001": 0.8970961581972642
            }
        },
        "agent": {
            "agent": null
        }
    },
    "object_init_config": {
        "static": {
            "sta_000": {
                "room_000": 1,
                "room_001": 0
            },
            "sta_001": {
                "room_000": 0,
                "room_001": 1
            }
        },
        "independent": {
            "ind_000": {
                "room_000": 0.2688751605008787,
                "room_001": 0.7311248394991213
            },
            "ind_001": {
                "room_000": 0.09294871249829828,
                "room_001": 0.9070512875017017
            }
        },
        "dependent": {
            "dep_000": {
                "room_000": 0.46551896685148075,
                "room_001": 0.5344810331485192
            },
            "dep_001": {
                "room_000": 0.6815723635488761,
                "room_001": 0.31842763645112393
            }
        },
        "agent": {
            "agent": {
                "room_000": 0.4864464951805198,
                "room_001": 0.5135535048194803
            }
        }
    },
    "grid": [
        [
            0,
            0
        ],
        [
            1,
            1
        ]
    ],
    "room_indexes": [
        [
            1,
            0
        ],
        [
            1,
            1
        ]
    ],
    "names": {
        "room": [
            "room_000",
            "room_001"
        ],
        "static_objects": [
            "sta_000",
            "sta_001"
        ],
        "independent_objects": [
            "ind_000",
            "ind_001"
        ],
        "dependent_objects": [
            "dep_000",
            "dep_001"
        ]
    }
}