{
    "room_config": {
        "room_000": {
            "north": "wall",
            "east": "room_001",
            "south": "room_002",
            "west": "wall"
        },
        "room_001": {
            "north": "wall",
            "east": "wall",
            "south": "wall",
            "west": "room_000"
        },
        "room_002": {
            "north": "room_000",
            "east": "wall",
            "south": "wall",
            "west": "wall"
        }
    },
    "object_transition_config": {
        "static": {
            "sta_000": null,
            "sta_001": null,
            "sta_002": null,
            "sta_003": null
        },
        "independent": {
            "ind_000": {
                "room_000": {
                    "north": 0.0,
                    "east": 0.06775283111659662,
                    "south": 0.7491066359875479,
                    "west": 0.0,
                    "stay": 0.18314053289585544
                },
                "room_001": {
                    "north": 0.0,
                    "east": 0.0,
                    "south": 0.0,
                    "west": 0.583253211894115,
                    "stay": 0.4167467881058849
                },
                "room_002": {
                    "north": 0.5135266400187245,
                    "east": 0.0,
                    "south": 0.0,
                    "west": 0.0,
                    "stay": 0.4864733599812755
                }
            },
            "ind_001": {
                "room_000": {
                    "north": 0.0,
                    "east": 0.47423638857784123,
                    "south": 0.5191764081761299,
                    "west": 0.0,
                    "stay": 0.006587203246028977
                },
                "room_001": {
                    "north": 0.0,
                    "east": 0.0,
                    "south": 0.0,
                    "west": 0.38569501849391574,
                    "stay": 0.6143049815060843
                },
                "room_002": {
                    "north": 0.6859132351984524,
                    "east": 0.0,
                    "south": 0.0,
                    "west": 0.0,
                    "stay": 0.3140867648015476
                }
            },
            "ind_002": {
                "room_000": {
                    "north": 0.0,
                    "east": 0.1606005735033049,
                    "south": 0.8014248856806694,
                    "west": 0.0,
                    "stay": 0.03797454081602571
                },
                "room_001": {
                    "north": 0.0,
                    "east": 0.0,
                    "south": 0.0,
                    "west": 0.22620355082437882,
                    "stay": 0.7737964491756212
                },
                "room_002": {
                    "north": 0.5096583673967133,
                    "east": 0.0,
                    "south": 0.0,
                    "west": 0.0,
                    "stay": 0.49034163260328667
                }
            },
            "ind_003": {
                "room_000": {
                    "north": 0.0,
                    "east": 0.5824933992683143,
                    "south": 0.16176034977864956,
                    "west": 0.0,
                    "stay": 0.25574625095303616
                },
                "room_001": {
                    "north": 0.0,
                    "east": 0.0,
                    "south": 0.0,
                    "west": 0.5853065957452706,
                    "stay": 0.4146934042547294
                },
                "room_002": {
                    "north": 0.08282338127989328,
                    "east": 0.0,
                    "south": 0.0,
                    "west": 0.0,
                    "stay": 0.9171766187201068
                }
            }
        },
        "dependent": {
            "dep_000": {
                "ind_000": 0.43691927887483206,
                "ind_001": 0.10508550973730857,
                "ind_002": 0.428478820872917,
                "ind_003": 0.5619950932817985
            },
            "dep_001": {
                "ind_000": 0.2285789658416304,
                "ind_001": 0.05252571844385456,
                "ind_002": 0.03172458205413953,
                "ind_003": 0.7305348179394326
            },
            "dep_002": {
                "ind_000": 0.40423617180030424,
                "ind_001": 0.0720466304304268,
                "ind_002": 0.9883037061777832,
                "ind_003": 0.024491243105780436
            },
            "dep_003": {
                "ind_000": 0.8351066375646561,
                "ind_001": 0.7975675814313355,
                "ind_002": 0.19926466746155524,
                "ind_003": 0.4644436053580422
            }
        },
        "agent": {
            "agent": null
        }
    },
    "object_init_config": {
        "static": {
            "sta_000": {
                "room_000": 1,
                "room_001": 0,
                "room_002": 0
            },
            "sta_001": {
                "room_000": 0,
                "room_001": 1,
                "room_002": 0
            },
            "sta_002": {
                "room_000": 0,
                "room_001": 0,
                "room_002": 1
            },
            "sta_003": {
                "room_000": 1,
                "room_001": 0,
                "room_002": 0
            }
        },
        "independent": {
            "ind_000": {
                "room_000": 0.7222388047983194,
                "room_001": 0.05102924177288802,
                "room_002": 0.22673195342879257
            },
            "ind_001": {
                "room_000": 0.22735217800577606,
                "room_001": 0.31868920158080105,
                "room_002": 0.4539586204134229
            },
            "ind_002": {
                "room_000": 0.12458506828324374,
                "room_001": 0.19325600302800294,
                "room_002": 0.6821589286887533
            },
            "ind_003": {
                "room_000": 0.5041747322250044,
                "room_001": 0.21065240517958947,
                "room_002": 0.28517286259540614
            }
        },
        "dependent": {
            "dep_000": {
                "room_000": 0.32102600926113206,
                "room_001": 0.2425262582856481,
                "room_002": 0.4364477324532198
            },
            "dep_001": {
                "room_000": 0.29784639659776485,
                "room_001": 0.2180300928273561,
                "room_002": 0.48412351057487896
            },
            "dep_002": {
                "room_000": 0.260516144489644,
                "room_001": 0.34132164292786327,
                "room_002": 0.39816221258249285
            },
            "dep_003": {
                "room_000": 0.3294792690615436,
                "room_001": 0.07374642751573728,
                "room_002": 0.5967743034227192
            }
        },
        "agent": {
            "agent": {
                "room_000": 0.329361411815845,
                "room_001": 0.2686570116265937,
                "room_002": 0.4019815765575613
            }
        }
    },
    "grid": [
        [
            1,
            1
        ],
        [
            1,
            0
        ]
    ],
    "room_indexes": [
        [
            0,
            0
        ],
        [
            0,
            1
        ],
        [
            1,
            0
        ]
    ],
    "names": {
        "room": [
            "room_000",
            "room_001",
            "room_002"
        ],
        "static_objects": [
            "sta_000",
            "sta_001",
            "sta_002",
            "sta_003"
        ],
        "independent_objects": [
            "ind_000",
            "ind_001",
            "ind_002",
            "ind_003"
        ],