{
    "room_config": {
        "room_000": {
            "north": "wall",
            "east": "wall",
            "south": "room_002",
            "west": "wall"
        },
        "room_001": {
            "north": "wall",
            "east": "room_002",
            "south": "wall",
            "west": "wall"
        },
        "room_002": {
            "north": "room_000",
            "east": "wall",
            "south": "wall",
            "west": "room_001"
        }
    },
    "object_transition_config": {
        "static": {
            "sta_000": null,
            "sta_001": null,
            "sta_002": null,
            "sta_003": null
        },
        "independent": {
            "ind_000": {
                "room_000": {
                    "north": 0.0,
                    "east": 0.0,
                    "south": 0.6921112365022557,
                    "west": 0.0,
                    "stay": 0.30788876349774436
                },
                "room_001": {
                    "north": 0.0,
                    "east": 0.18023523965313665,
                    "south": 0.0,
                    "west": 0.0,
                    "stay": 0.8197647603468634
                },
                "room_002": {
                    "north": 0.7868499050659159,
                    "east": 0.0,
                    "south": 0.0,
                    "west": 0.14038934442894302,
                    "stay": 0.07276075050514103
                }
            },
            "ind_001": {
                "room_000": {
                    "north": 0.0,
                    "east": 0.0,
                    "south": 0.14875844328914353,
                    "west": 0.0,
                    "stay": 0.8512415567108564
                },
                "room_001": {
                    "north": 0.0,
                    "east": 0.652325570449558,
                    "south": 0.0,
                    "west": 0.0,
                    "stay": 0.34767442955044214
                },
                "room_002": {
                    "north": 0.04407763838194416,
                    "east": 0.0,
                    "south": 0.0,
                    "west": 0.26478017118980235,
                    "stay": 0.6911421904282534
                }
            },
            "ind_002": {
                "room_000": {
                    "north": 0.0,
                    "east": 0.0,
                    "south": 0.3526975815096309,
                    "west": 0.0,
                    "stay": 0.6473024184903692
                },
                "room_001": {
                    "north": 0.0,
                    "east": 0.9868376259246935,
                    "south": 0.0,
                    "west": 0.0,
                    "stay": 0.013162374075306542
                },
                "room_002": {
                    "north": 0.37162054414974544,
                    "east": 0.0,
                    "south": 0.0,
                    "west": 0.3515053540561246,
                    "stay": 0.27687410179412997
                }
            },
            "ind_003": {
                "room_000": {
                    "north": 0.0,
                    "east": 0.0,
                    "south": 0.2939292954439982,
                    "west": 0.0,
                    "stay": 0.7060707045560017
                },
                "room_001": {
                    "north": 0.0,
                    "east": 0.20418930211856115,
                    "south": 0.0,
                    "west": 0.0,
                    "stay": 0.7958106978814389
                },
                "room_002": {
                    "north": 0.1987059568512926,
                    "east": 0.0,
                    "south": 0.0,
                    "west": 0.417718765614957,
                    "stay": 0.3835752775337503
                }
            }
        },
        "dependent": {
            "dep_000": {
                "ind_000": 0.26338905075109076,
                "ind_001": 0.5005861130502983,
                "ind_002": 0.17865188053013137,
                "ind_003": 0.9126278393448205
            },
            "dep_001": {
                "ind_000": 0.8705185698367669,
                "ind_001": 0.2984447914486329,
                "ind_002": 0.6389494948660052,
                "ind_003": 0.6089702114381723
            },
            "dep_002": {
                "ind_000": 0.1528392685496348,
                "ind_001": 0.7625108000751513,
                "ind_002": 0.5393790301196257,
                "ind_003": 0.7786264786305582
            },
            "dep_003": {
                "ind_000": 0.5303536721951775,
                "ind_001": 0.0005718961279435053,
                "ind_002": 0.3241560570046731,
                "ind_003": 0.019476742385832302
            }
        },
        "agent": {
            "agent": null
        }
    },
    "object_init_config": {
        "static": {
            "sta_000": {
                "room_000": 0.1929279673650199,
                "room_001": 0.5628620101707978,
                "room_002": 0.24421002246418222
            },
            "sta_001": {
                "room_000": 0.2174233305677013,
                "room_001": 0.4972149424105739,
                "room_002": 0.28536172702172485
            },
            "sta_002": {
                "room_000": 0.43722205195931513,
                "room_001": 0.24744949641046962,
                "room_002": 0.3153284516302152
            },
            "sta_003": {
                "room_000": 0.42695124025073944,
                "room_001": 0.29539118805055764,
                "room_002": 0.27765757169870287
            }
        },
        "independent": {
            "ind_000": {
                "room_000": 0.16089480727652397,
                "room_001": 0.6854834771195473,
                "room_002": 0.15362171560392882
            },
            "ind_001": {
                "room_000": 0.1888797873590948,
                "room_001": 0.4925504802075544,
                "room_002": 0.3185697324333508
            },
            "ind_002": {
                "room_000": 0.26719703096627384,
                "room_001": 0.32844416801762644,
                "room_002": 0.4043588010160997
            },
            "ind_003": {
                "room_000": 0.7482054069366868,
                "room_001": 0.2208441049310008,
                "room_002": 0.030950488132312336
            }
        },
        "dependent": {
            "dep_000": {
                "room_000": 0.39720760027266305,
                "room_001": 0.33713007845557824,
                "room_002": 0.2656623212717587
            },
            "dep_001": {
                "room_000": 0.44186012189390655,
                "room_001": 0.4106776082269608,
                "room_002": 0.14746226987913263
            },
            "dep_002": {
                "room_000": 0.33345167435604384,
                "room_001": 0.2012760717709427,
                "room_002": 0.4652722538730134
            },
            "dep_003": {
                "room_000": 0.47286788033122185,
                "room_001": 0.27297116088216694,
                "room_002": 0.2541609587866112
            }
        },
        "agent": {
            "agent": {
                "room_000": 0.3985020477088112,
                "room_001": 0.18651409412609557,
                "room_002": 0.4149838581650932
            }
        }
    },
    "grid": [
        [
            0,
            1
        ],
        [
            1,
            1
        ]
    ],
    "room_indexes": [
        [
            0,
            1
        ],
        [
            1,
            0
        ],
        [
            1,
            1
        ]
    ],
    "names": {
        "room": [
            "room_000",
            "room_001",
            "room_002"
        ],
        "static_objects": [
            "sta_000",
            "sta_001",
            "sta_002",
            "sta_003"
        ],