{
    "room_config": {
        "room_000": {
            "north": "wall",
            "east": "room_001",
            "south": "wall",
            "west": "wall"
        },
        "room_001": {
            "north": "wall",
            "east": "wall",
            "south": "wall",
            "west": "room_000"
        }
    },
    "object_transition_config": {
        "static": {
            "sta_000": null,
            "sta_001": null
        },
        "independent": {
            "ind_000": {
                "room_000": {
                    "north": 0.0,
                    "east": 0.6049439346785263,
                    "south": 0.0,
                    "west": 0.0,
                    "stay": 0.39505606532147386
                },
                "room_001": {
                    "north": 0.0,
                    "east": 0.0,
                    "south": 0.0,
                    "west": 0.45841908588142116,
                    "stay": 0.5415809141185789
                }
            },
            "ind_001": {
                "room_000": {
                    "north": 0.0,
                    "east": 0.35002504864023887,
                    "south": 0.0,
                    "west": 0.0,
                    "stay": 0.6499749513597611
                },
                "room_001": {
                    "north": 0.0,
                    "east": 0.0,
                    "south": 0.0,
                    "west": 0.3649478081047473,
                    "stay": 0.6350521918952527
                }
            }
        },
        "dependent": {
            "dep_000": {
                "ind_000": 0.230114732596577,
                "ind_001": 0.22021738445155947
            },
            "dep_001": {
                "ind_000": 0.07099308600903254,
                "ind_001": 0.6311029572700989
            }
        },
        "agent": {
            "agent": null
        }
    },
    "object_init_config": {
        "static": {
            "sta_000": {
                "room_000": 0.08340719901176065,
                "room_001": 0.9165928009882394
            },
            "sta_001": {
                "room_000": 0.8564216654997588,
                "room_001": 0.1435783345002412
            }
        },
        "independent": {
            "ind_000": {
                "room_000": 0.46365123635417804,
                "room_001": 0.5363487636458221
            },
            "ind_001": {
                "room_000": 0.23301893276460248,
                "room_001": 0.7669810672353975
            }
        },
        "dependent": {
            "dep_000": {
                "room_000": 0.6664259754378855,
                "room_001": 0.33357402456211455
            },
            "dep_001": {
                "room_000": 0.42490115771296455,
                "room_001": 0.5750988422870354
            }
        },
        "agent": {
            "agent": {
                "room_000": 0.39220874861697697,
                "room_001": 0.607791251383023
            }
        }
    },
    "grid": [
        [
            0,
            0
        ],
        [
            1,
            1
        ]
    ],
    "room_indexes": [
        [
            1,
            0
        ],
        [
            1,
            1
        ]
    ],
    "names": {
        "room": [
            "room_000",
            "room_001"
        ],
        "static_objects": [
            "sta_000",
            "sta_001"
        ],
        "independent_objects": [
            "ind_000",
            "ind_001"
        ],
        "dependent_objects": [
            "dep_000",
            "dep_001"
        ]
    }
}